{
    "dismissed": [],
    "installed": {
        "CalibrationShapes": {
            "filename": "/Users/neohaojun/Library/Application Support/cura/5.2/cache/cura_packages/CalibrationShapes.curapackage",
            "package_info": {
                "author": {
                    "author_id": "5axes",
                    "display_name": "5axes",
                    "email": "cuq@free.fr",
                    "website": "https://github.com/5axes"
                },
                "description": "This plugin adds a menu to create some basic shapes to the scene (cube, cylinder, tube, sphere) and standard test parts. \n\nYou can add standard test / calibration part :\n- Calibration Cube XYZ\n- PLA TempTower 220 - 180\u00b0C\n- PLA TempTower 220 - 190\u00b0C\n- PLA+ TempTower 230 - 200\u00b0C\n- ABS TempTower 250 - 210\u00b0C\n- PETG TempTower 260 - 230\u00b0C\n- PC TempTower 290 - 250\u00b0C\n- Acceleration Tower\n- Retract Tower\n- A XY calibration Test\n- Retract Test part\n- Bridge Spiral Test\n- Thin Wall Test\n- Overhang Test\n- Flow Tower Test\n- Flow Test\n- Multi Flow Test\n- Tolerance Test\n- Support Test\n- Lithophane Test\n- Dimensional Accuracy Test\n- Linear Pressure Advance Tower\n- Bed Level Calibration Test\n\nAnd Multi-Extruder part :\n- Extruder Offset Calibration\n- Calibration Cube bi-color\n- Cube bi-color\n\n+ 7 postprocessing scripts",
                "display_name": "Calibration Shapes",
                "is_active": true,
                "is_bundled": false,
                "is_installed": true,
                "package_id": "CalibrationShapes",
                "package_type": "plugin",
                "package_version": "2.1.5",
                "sdk_version": 8,
                "sdk_version_semver": "8.0.0",
                "website": "https://github.com/5axes/Calibration-Shapes"
            }
        },
        "OctoPrintPlugin": {
            "filename": "/Users/neohaojun/Library/Application Support/cura/5.2/cache/cura_packages/OctoPrintPlugin.curapackage",
            "package_info": {
                "author": {
                    "author_id": "fieldofview",
                    "display_name": "fieldOfView",
                    "email": "aldo@fieldofview.com",
                    "website": "http://fieldofview.com"
                },
                "description": "Enables networked printing and monitoring with OctoPrint.\n\nOctoPrint is a registered trademark. For more information about OctoPrint, see octoprint.org\n\nThe development of this plugin can be sponsored via Github Sponsors (https://github.com/sponsors/fieldofview) or Paypal (https://www.paypal.me/fieldofview)",
                "display_name": "OctoPrint Connection",
                "is_active": true,
                "is_bundled": false,
                "is_installed": true,
                "package_id": "OctoPrintPlugin",
                "package_type": "plugin",
                "package_version": "3.7.2",
                "sdk_version": 8,
                "sdk_version_semver": "8.0.0",
                "website": "https://github.com/fieldOfView/Cura-OctoPrintPlugin"
            }
        },
        "OrientationPlugin": {
            "filename": "/Users/neohaojun/Library/Application Support/cura/5.2/cache/cura_packages/OrientationPlugin.curapackage",
            "package_info": {
                "author": {
                    "author_id": "nallath",
                    "display_name": "nallath",
                    "email": "j.vankessel@ultimaker.com",
                    "website": "http://www.github.com/nallath"
                },
                "description": "Extension that enables the automatic orientation of models to reduce the need for support. This wraps the MeshTweaker by Christoph Schranz, so it can be easily used in Cura. ",
                "display_name": "Auto-Orientation",
                "is_active": true,
                "is_bundled": false,
                "is_installed": true,
                "package_id": "OrientationPlugin",
                "package_type": "plugin",
                "package_version": "3.7.1",
                "sdk_version": 8,
                "sdk_version_semver": "8.0.0",
                "website": "https://github.com/nallath/CuraOrientationPlugin"
            }
        },
        "TabAntiWarping": {
            "filename": "/Users/neohaojun/Library/Application Support/cura/5.5/cache/cura_packages/TabAntiWarping.curapackage",
            "package_info": {
                "author": {
                    "author_id": "5axes",
                    "display_name": "5axes",
                    "email": "cuq@free.fr",
                    "website": "https://github.com/5axes"
                },
                "description": "Add elements as rounded Tab to limit warping effect in print corner.\nOption to create a Capsule instead a Tab\nOption to create a Tab with several layer height\n\nLimited by the possibility to use just a global : Support X/Y Distance",
                "display_name": "TabAntiWarping",
                "is_active": true,
                "is_bundled": false,
                "is_installed": true,
                "package_id": "TabAntiWarping",
                "package_type": "plugin",
                "package_version": "1.4.0",
                "sdk_version": 8,
                "sdk_version_semver": "8.2.0",
                "website": "https://github.com/5axes/TabAntiWarping"
            }
        },
        "USBPrintingNG": {
            "filename": "/Users/neohaojun/Library/Application Support/cura/5.2/cache/cura_packages/USBPrintingNG.curapackage",
            "package_info": {
                "author": {
                    "author_id": "DevPeeps",
                    "display_name": "devpeeps",
                    "email": "mydevpeeps@gmail.com",
                    "website": "https://www.devpeeps.com"
                },
                "description": "USB Printing Next-Gen skips baud-rate auto-detection if system environment variable CURA_BAUDRATE is set. When both CURA_BAUDRATE and CURA_COMPORTS are set makes direct connection to the printer unless overridden by CURA_AUTODETECT set to 1. Updates Print to USB button text to be more informative. \n\nLimitations: \n    - We currently assume you are using one printer in the instance of cura you are using this with. See readme.txt for more than one printer.\n    - Disable the bundled \"USB Printing\" package while using this.\n\nThe following are changes and improvements over the bundled version of the USBPrinting Plugin:\n    - When Autodetect is disabled printer connection is almost instant.\n    - Increased bootloader timeout on detection from 1.5 seconds to 3 seconds. This reduces possible misses on first try.\n    - Better Logging for printer detection in cura.log.\n\n* See Release Notes for more Details and readme.txt in plugin folder.",
                "display_name": "USB Printing NG",
                "is_active": true,
                "is_bundled": false,
                "is_installed": true,
                "package_id": "USBPrintingNG",
                "package_type": "plugin",
                "package_version": "1.0.4",
                "sdk_version": 8,
                "sdk_version_semver": "8.2.0",
                "website": "https://www.devpeeps.com"
            }
        }
    },
    "to_install": {},
    "to_remove": [],
    "version": 1
}